first_name,last_name,mark_uso,email
Tansy,Treleaven,66,ttreleaven0@seattletimes.com
Ragnar,Cleaver,52,rcleaver1@mlb.com
Ira,Skeen,73,iskeen2@drupal.org
Jerrilyn,Gullis,54,jgullis3@pen.io
Pietro,Bruneau,74,pbruneau4@china.com.cn
Kimberly,Clyne,47,kclyne5@irs.gov
Bobina,Dealey,23,bdealey6@aol.com
Annabel,Daviddi,67,adaviddi7@stumbleupon.com
Nan,Samworth,28,nsamworth8@zdnet.com
Jacenta,Whitmarsh,44,jwhitmarsh9@blinklist.com
Fitz,Vise,41,fvisea@sun.com
Jerrylee,Cruft,77,jcruftb@prweb.com
Jasun,Yashanov,85,jyashanovc@about.com
Jelene,Bennie,28,jbennied@ox.ac.uk
Yurik,Robertshaw,14,yrobertshawe@wikia.com
Cass,Yegorev,9,cyegorevf@cpanel.net
Sashenka,Doncaster,117,sdoncasterg@gmpg.org
Minette,Bartusek,88,mbartusekh@unesco.org
Joanna,Matuschek,115,jmatuscheki@jimdo.com
Georgianne,Eshelby,74,geshelbyj@jimdo.com
